Documents,Vectors Indexed,Time (s),Seconds per 1K Docs
1000,1121,13.217951792001259,13.217951792001259
5000,5614,60.98651483299909,12.197302966599818
10000,11290,134.854131916014,13.4854131916014
50000,56039,691.1676450420055,13.82335290084011
