Pipeline,P50 (ms),P95 (ms),P99 (ms),Mean (ms)
Pipeline A,28.13493749999907,37.393229799636174,39.646327487425886,29.154187169042416
Pipeline B,128.44225000299048,188.4092565465835,212.4265005078633,134.15355919045396
