{
  "faithfulness": {
    "mean": 0.8874999999999998,
    "min": 0.1,
    "max": 1.0,
    "std": 0.2629595544427456
  },
  "answer_relevancy": {
    "mean": 0.8041666666666667,
    "min": 0.0,
    "max": 1.0,
    "std": 0.37866892071458874
  },
  "context_precision": {
    "mean": 0.7841666666666667,
    "min": 0.0,
    "max": 1.0,
    "std": 0.3740796787592265
  },
  "context_recall": {
    "mean": 0.7999999999999999,
    "min": 0.0,
    "max": 1.0,
    "std": 0.3789938833759242
  },
  "answer_correctness": {
    "mean": 0.7708333333333334,
    "min": 0.0,
    "max": 1.0,
    "std": 0.3750505016499495
  },
  "retrieval_precision": {
    "mean": 0.3958333333333333,
    "min": 0.0,
    "max": 0.5,
    "std": 0.15539539012701525
  },
  "retrieval_recall": {
    "mean": 0.9166666666666666,
    "min": 0.0,
    "max": 1.0,
    "std": 0.28867513459481287
  },
  "retrieval_hit": {
    "mean": 0.9166666666666666,
    "min": 0.0,
    "max": 1.0,
    "std": 0.28867513459481287
  }
}