{
  "faithfulness": {
    "mean": 0.8666666666666667,
    "min": 0.1,
    "max": 1.0,
    "std": 0.28391206491810206
  },
  "answer_relevancy": {
    "mean": 0.8874999999999998,
    "min": 0.1,
    "max": 1.0,
    "std": 0.2629595544427456
  },
  "context_precision": {
    "mean": 0.85,
    "min": 0.0,
    "max": 1.0,
    "std": 0.2931025262755183
  },
  "context_recall": {
    "mean": 0.8416666666666667,
    "min": 0.1,
    "max": 1.0,
    "std": 0.3051328573032747
  },
  "answer_correctness": {
    "mean": 0.8458333333333332,
    "min": 0.1,
    "max": 1.0,
    "std": 0.3070818171501569
  },
  "retrieval_precision": {
    "mean": 0.3958333333333333,
    "min": 0.25,
    "max": 0.5,
    "std": 0.09484836382991602
  },
  "retrieval_recall": {
    "mean": 1.0,
    "min": 1.0,
    "max": 1.0,
    "std": 0.0
  },
  "retrieval_hit": {
    "mean": 1.0,
    "min": 1.0,
    "max": 1.0,
    "std": 0.0
  }
}