{
  "faithfulness": {
    "mean": 0.875,
    "min": 0.0,
    "max": 1.0,
    "std": 0.2981000442194472
  },
  "answer_relevancy": {
    "mean": 0.7875,
    "min": 0.0,
    "max": 1.0,
    "std": 0.3581042255595937
  },
  "context_precision": {
    "mean": 0.7691666666666667,
    "min": 0.0,
    "max": 1.0,
    "std": 0.36099504739320765
  },
  "context_recall": {
    "mean": 0.7333333333333334,
    "min": 0.0,
    "max": 1.0,
    "std": 0.40526833609649826
  },
  "answer_correctness": {
    "mean": 0.7583333333333333,
    "min": 0.0,
    "max": 1.0,
    "std": 0.3818813079129867
  },
  "retrieval_precision": {
    "mean": 0.34027777777777785,
    "min": 0.0,
    "max": 0.5,
    "std": 0.13511280983116067
  },
  "retrieval_recall": {
    "mean": 0.9166666666666666,
    "min": 0.0,
    "max": 1.0,
    "std": 0.28867513459481287
  },
  "retrieval_hit": {
    "mean": 0.9166666666666666,
    "min": 0.0,
    "max": 1.0,
    "std": 0.28867513459481287
  }
}