{
  "faithfulness": {
    "mean": 0.9874999999999999,
    "min": 0.9,
    "max": 1.0,
    "std": 0.031079078025403054
  },
  "answer_relevancy": {
    "mean": 0.9733333333333333,
    "min": 0.8,
    "max": 1.0,
    "std": 0.06169327845122679
  },
  "context_precision": {
    "mean": 0.9125,
    "min": 0.3,
    "max": 1.0,
    "std": 0.21119250158865194
  },
  "context_recall": {
    "mean": 0.9250000000000002,
    "min": 0.5,
    "max": 1.0,
    "std": 0.14222261679238196
  },
  "answer_correctness": {
    "mean": 0.9208333333333334,
    "min": 0.4,
    "max": 1.0,
    "std": 0.17380544678845172
  },
  "retrieval_precision": {
    "mean": 0.4166666666666666,
    "min": 0.3333333333333333,
    "max": 0.5,
    "std": 0.08703882797784893
  },
  "retrieval_recall": {
    "mean": 1.0,
    "min": 1.0,
    "max": 1.0,
    "std": 0.0
  },
  "retrieval_hit": {
    "mean": 1.0,
    "min": 1.0,
    "max": 1.0,
    "std": 0.0
  }
}